name_ko,name_en,description,mythology,difficulty,image_url,abbreviation
돛자리,Vela,"남반구 은하수 속에 위치한 별자리로, 과거 거대한 아르고(Argo)자리의 일부였습니다.","그리스 신화의 영웅 이아손과 아르고나우타이들이 황금 양털을 찾아 타고 떠났던 거대한 아르고호 선박의 돛을 상징합니다. 용골, 고물자리와 함께 대항해의 이야기를 공유합니다.",4,/img/constellation/1.png,Vel
파리자리,Musca,"남십자자리 바로 남쪽에 위치한 작고 뚜렷한 남반구의 별자리입니다.","16세기 말 네덜란드의 항해사들이 남반구 하늘을 관측하며 고안한 현대 별자리로, 특별한 고대 신화는 존재하지 않습니다.",관측불가,/img/constellation/2.png,Mus
두루미자리,Grus,"남반구 하늘에서 긴 목을 뻗은 두루미의 형태를 띠고 있는 비교적 밝고 눈에 띄는 별자리입니다.","16세기 네덜란드 탐험가들이 명명한 별자리 중 하나로, 관련된 그리스 로마 신화는 존재하지 않습니다.",4,/img/constellation/3.png,Gru
작은개자리,Canis Minor,"겨울철 대삼각형의 한 꼭짓점을 이루는 1등성 '프로키온'을 품고 있는 작지만 밝은 별자리입니다.","오리온의 죽음을 슬퍼하다 죽은 충성스러운 사냥개 '마이라'와 연결되며, 오리온이 데리고 다니던 두 마리의 사냥개 중 작은 개로 여겨집니다.",2,/img/constellation/4.png,CMi
게자리,Cancer,"황도 12궁 중 하나로, 맑은 날 밤하늘에서 중심에 있는 아름다운 산개성단인 프레세페 성단을 볼 수 있습니다.","헤라클레스가 괴물 물뱀 히드라와 싸울 때 헤라 여신이 보낸 거대한 게 카르키노스입니다. 발에 밟혀 죽었지만 그 충성을 인정받아 별자리가 되었습니다.",3,/img/constellation/5.png,Cnc
사자자리,Leo,"황도 12궁 중 하나로, 봄철 밤하늘을 대표하며 거대한 낫 모양의 머리와 밝은 별 레굴루스가 돋보입니다.","헤라클레스의 12과업 중 첫 번째 임무에 등장한 네메아의 골칫거리 사자입니다. 어떤 무기도 통하지 않아 헤라클레스가 맨손으로 목을 졸라 쓰러뜨린 후 별자리가 되었습니다.",1,/img/constellation/6.png,Leo
작은사자자리,Leo Minor,"큰곰자리와 사자자리 사이에 위치한 작고 희미한 별자리로 눈에 띄는 밝은 별이 적습니다.","17세기 폴란드의 천문학자 요하네스 헤벨리우스가 빈 공간을 채우기 위해 고안한 별자리로 관련된 신화는 없습니다.",3,/img/constellation/7.png,LMi
작은곰자리,Ursa Minor,"현재 북극성(폴라리스)을 포함하고 있어 북반구 하늘에서 방향을 찾는 데 매우 중요한 별자리입니다.","요정 칼리스토의 아들 아르카스가 곰으로 변해버린 어머니를 몰라보고 활을 쏘려 하자 제우스가 둘 다 하늘로 올려 작은곰이 되었습니다. 다른 전승에서는 아기 제우스를 돌본 님프 키노수라로도 해석됩니다.",2,/img/constellation/8.png,UMi
거문고자리,Lyra,"여름철 대삼각형의 꼭짓점인 눈부시게 밝은 청백색 별 '베가(직녀성)'를 포함하는 별자리입니다.","어떤 생명도 감동시킨 그리스 신화 최고의 음악가 오르페우스의 리라(수금)입니다. 죽은 아내를 되찾으려 저승에 갔지만 약속을 어겨 다시 잃었고, 사후 제우스가 음악을 기리기 위해 하늘에 올렸습니다.",1,/img/constellation/9.png,Lyr
황새치자리,Dorado,"남반구 하늘의 별자리로, 우리 은하의 동반 은하인 대마젤란은하(LMC)의 대부분을 품고 있습니다.","16세기 네덜란드 항해사들에 의해 만새기(Mahi-mahi) 또는 황새치를 형상화하여 만들어졌으며 신화는 없습니다.",관측불가,/img/constellation/10.png,Dor
전갈자리,Scorpius,"황도 12궁 중 하나로, S자 모양의 꼬리와 붉게 빛나는 심장 성 안타레스가 매우 매력적인 여름철 별자리입니다.","사냥꾼 오리온의 오만함을 벌하기 위해 가이아(또는 헤라)가 보낸 거대한 거대 독전갈입니다. 하늘에서도 둘이 만나지 않도록 오리온자리와 정반대편에 놓였다고 전해집니다.",1,/img/constellation/11.png,Sco
세페우스자리,Cepheus,"북극 주변에 오각형의 집 모양을 하고 있는 북반구의 별자리로 사계절 내내 볼 수 있습니다.","안드로메다의 아버지이자 에티오피아의 왕인 케페우스를 상징합니다. 나라를 구하기 위해 딸을 바다 괴물에게 바쳐야 했던 비극적인 왕으로 등장합니다.",2,/img/constellation/12.png,Cep
처녀자리,Virgo,"황도 12궁 중 두 번째로 넓은 별자리로, 가장 밝은 별 스피카가 청백색으로 아름답게 빛납니다.","농업과 대지의 여신 데메테르, 혹은 인간 세상에 마지막까지 남아 있던 정의의 여신 아스트라이아로 여겨집니다. 인간들이 타락하자 하늘로 올라가 정의의 저울(천칭자리)을 들고 있다고 전해집니다.",2,/img/constellation/13.png,Vir
큰곰자리,Ursa Major,"북두칠성을 등과 꼬리에 포함하고 있는 북반구의 거대하고 널리 알려진 대표적인 별자리입니다.","제우스의 사랑을 받은 님프 칼리스토가 헤라의 질투로 곰이 된 모습입니다. 훗날 아들 아르카스에게 사냥당할 위기에 놓이자 제우스가 두 사람을 모두 하늘의 별자리로 올렸습니다.",1,/img/constellation/14.png,UMa
페르세우스자리,Perseus,"가을과 겨울 하늘에 거꾸로 된 'Y'자 모양으로 보이며 매년 8월 유명한 페르세우스 유성우가 내립니다.","메두사의 목을 베어 돌아오던 중 안드로메다를 발견하고 바다 괴물 케투스를 물리쳐 그녀를 구출해낸 그리스 신화의 위대한 영웅 페르세우스입니다.",2,/img/constellation/15.png,Per
큰개자리,Canis Major,"밤하늘에서 가장 밝은 항성인 '시리우스'를 품고 있어 겨울철 밤하늘에서 가장 눈에 띄는 별자리입니다.","사냥꾼 오리온을 따라다니던 사냥개로, 밤하늘에서 가장 밝은 시리우스가 개의 코끝을 대표합니다. 전승에 따라 절대 사냥감을 놓치지 않는 사냥개 '라일랍스'로도 불립니다.",1,/img/constellation/16.png,CMa
토끼자리,Lepus,"겨울철 오리온자리의 바로 남쪽에 위치해 있으며, 큰개자리에게 쫓기는 듯한 모습을 하고 있습니다.","사냥꾼 오리온과 그의 사냥개들에게 쫓기는 토끼를 나타내며, 하늘에서도 오리온의 발아래에서 큰개자리를 피해 도망치는 모습으로 표현됩니다.",3,/img/constellation/17.png,Lep
비둘기자리,Columba,"큰개자리와 조각칼자리 사이에 위치한 남반구 하늘의 작고 희미한 별자리입니다.","성경에 등장하는 노아의 방주에서 홍수가 끝났음을 알리기 위해 올리브 가지를 물고 돌아온 비둘기를 상징합니다.",4,/img/constellation/18.png,Col
물병자리,Aquarius,"황도 12궁 중 하나로 뚜렷하게 밝은 별은 없으나, 고대부터 물을 따르는 소년의 모습으로 널리 알려져 있습니다.","제우스가 독수리를 보내 데려온 트로이의 아름다운 왕자 가니메데스로 해석됩니다. 그는 올림포스 산에서 신들에게 넥타르(신주)를 따르는 시종이 되었습니다.",3,/img/constellation/19.png,Aqr
염소자리,Capricornus,"황도 12궁 중 하나로, 역삼각형 모양을 하고 있으며 가을철 남쪽 하늘에서 볼 수 있는 별자리입니다.","괴물 티폰을 피해 도망치던 목신의 신 판이 나일강에 뛰어들며 다급한 나머지 상반신은 염소, 하반신은 물고기로 변한 모습입니다. 아기 제우스를 길러준 염소 아말테이아와도 연결됩니다.",3,/img/constellation/20.png,Cap
쌍둥이자리,Gemini,"황도 12궁 중 하나로, 밝은 두 별 카스토르와 폴룩스가 형제의 머리 위치에서 나란히 빛납니다.","백조로 변신한 제우스와 스파르타의 왕비 레다 사이에서 태어난 쌍둥이 형제 카스토르와 폴룩스를 상징합니다. 인간인 카스토르가 죽자 불멸의 폴룩스가 생명을 나누기를 청해 함께 별자리가 되었습니다.",1,/img/constellation/21.png,Gem
화가자리,Pictor,"남반구 하늘의 매우 희미한 별자리로, 원래 이름은 '화가의 이젤(Equuleus Pictoris)'이었습니다.","18세기 프랑스 천문학자 라카유가 남반구 하늘을 관측하며 추가한 별자리로, 화가들이 사용하는 이젤과 팔레트를 본떴습니다.",관측불가,/img/constellation/22.png,Pic
고물자리,Puppis,"아르고자리가 분할된 세 별자리 중 가장 크며, 은하수를 끼고 있어 다양한 산개성단을 포함합니다.","그리스 신화의 영웅들이 황금 양털을 찾아 항해했던 거대한 배 아르고호의 고물(선미)을 상징합니다. 원래 거대한 아르고자리였으나 용골, 돛자리 등과 함께 분리되었습니다.",4,/img/constellation/23.png,Pup
테이블산자리,Mensa,"하늘의 남극 근처에 위치하며, 대마젤란은하의 일부가 걸쳐 있는 밤하늘에서 가장 어두운 별자리 중 하나입니다.","라카유가 남아프리카 케이프타운에서 관측하던 시절, 자주 구름에 덮여 있던 지역의 명산 '테이블 마운틴'을 기려 만들었습니다.",관측불가,/img/constellation/24.png,Men
그물자리,Reticulum,"남반구 하늘의 작은 별자리로, 마름모꼴 모양을 이루며 쌍성 계열의 별들이 많습니다.","천문학자 라카유가 천체망원경의 접안렌즈에 사용하던 십자선(그물눈) 망선을 기념하여 만든 기구 별자리입니다.",관측불가,/img/constellation/25.png,Ret
날치자리,Volans,"용골자리 근처에 위치한 남반구의 작은 별자리로, 아르고호 주변을 날아오르는 물고기 모습을 합니다.","16세기 네덜란드 항해사들이 열대 바다를 항해하며 자주 목격했던, 배 위로 튀어오르는 날치를 형상화했습니다.",관측불가,/img/constellation/26.png,Vol
목동자리,Boötes,"봄철 하늘에서 마치 넥타이나 아이스크림 콘처럼 보이며, 1등성 아크투루스가 붉게 빛나는 큰 별자리입니다.","큰곰자리의 칼리스토를 지키거나 뒤따르는 아들 아르카스로 해석됩니다. 또 다른 전승에서는 쟁기와 수레를 발명해 인류를 도운 인물이나 하늘을 떠받치는 아틀라스로 묘사되기도 합니다.",1,/img/constellation/27.png,Boo
도마뱀자리,Lacerta,"백조자리와 안드로메다자리 사이의 은하수 속에 위치한 지그재그 모양의 어둡고 작은 별자리입니다.","17세기 요하네스 헤벨리우스가 빈 공간에 별자리를 추가하기 위해 작은 파충류인 도마뱀을 상징하여 만들었습니다.",3,/img/constellation/28.png,Lac
화로자리,Fornax,"남반구의 어두운 별자리로, 내부에는 화로자리 은하단을 비롯한 많은 은하들이 숨겨져 있습니다.","18세기 천문학자 라카유가 실험실에서 화학 실험을 할 때 사용하던 가열용 화로(Furnace)를 기념하여 만들었습니다.",4,/img/constellation/29.png,For
물뱀자리,Hydrus,"마젤란은하 근처에 있는 남반구 별자리로, 북반구의 긴 바다뱀자리(Hydra)와는 다른 별자리입니다.","16세기 네덜란드 항해사들이 관측한 별자리로, 바다를 항해하며 본 바다뱀을 형상화하였으며 고대 신화는 없습니다.",관측불가,/img/constellation/30.png,Hyi
팔분의자리,Octans,"현재 남쪽 하늘의 천구 남극을 포함하고 있는 별자리로, 북극성처럼 밝은 남극성은 존재하지 않습니다.","라카유가 천체의 고도를 측정할 때 사용하던 항해 및 천문 관측 도구인 '팔분의(Octant)'를 본떠 만들었습니다.",관측불가,/img/constellation/31.png,Oct
공작자리,Pavo,"남반구 하늘에서 꽤 밝은 별들을 가지며 화려한 꼬리를 펼친 새의 모습을 연상케 하는 별자리입니다.","네덜란드 항해사들이 명명했으며, 그리스 신화에서 헤라 여신이 자신의 거인 파수꾼 아르고스의 눈 100개를 장식해 준 공작새로도 연결됩니다.",관측불가,/img/constellation/32.png,Pav
이리자리,Lupus,"센타우루스자리와 전갈자리 사이에 위치하며, 비교적 밝은 별들이 많이 모여 있는 남반구 별자리입니다.","켄타우로스(센타우루스자리)가 제단(제단자리)에 제물로 바치기 위해 창에 꿰어 들고 있는 야생 짐승(이리)으로 묘사됩니다.",4,/img/constellation/33.png,Lup
오리온자리,Orion,"겨울철 밤하늘을 압도하는 거대한 별자리로, 세 개의 허리띠 별과 베텔게우스, 리겔이 매우 유명합니다.","세상에서 가장 뛰어나고 자만했던 사냥꾼 오리온입니다. 모든 동물을 죽일 수 있다고 오만하게 굴자 대지의 여신 가이아가 보낸 거대한 전갈의 독침에 찔려 죽은 후 밤하늘에 올랐습니다.",1,/img/constellation/34.png,Ori
고래자리,Cetus,"가을철 남쪽 하늘을 차지하는 거대한 별자리로, 유명한 장주기 변광성인 '미라'를 포함하고 있습니다.","에티오피아 왕비 카시오페이아의 오만함을 벌하기 위해 포세이돈이 보낸 바다 괴물 케투스(고래)입니다. 공주 안드로메다를 잡아먹으려다 영웅 페르세우스에게 처치되었습니다.",3,/img/constellation/35.png,Cet
육분의자리,Sextans,"사자자리와 바다뱀자리 사이에 위치한 매우 어둡고 작은 별자리로 뚜렷한 특징이 적습니다.","요하네스 헤벨리우스가 자신의 천문대가 불타버렸을 때 소실된 천체 관측 기구 '육분의(Sextant)'를 기리기 위해 만들었습니다.",4,/img/constellation/36.png,Sex
독수리자리,Aquila,"여름철 은하수를 가로지르며, 견우성으로 잘 알려진 1등성 알타이르를 포함하는 별자리입니다.","제우스의 번개를 운반하던 신성한 독수리입니다. 미소년 가니메데스를 올림포스로 납치할 때 제우스가 직접 변신했거나 파견했던 독수리로도 알려져 있습니다.",1,/img/constellation/37.png,Aql
현미경자리,Microscopium,"궁수자리와 남쪽물고기자리 남쪽에 위치한 작고 매우 희미한 남반구의 별자리입니다.","18세기 라카유가 당시 과학의 발전을 상징하는 대표적 발명품인 현미경을 기념하여 밤하늘에 추가한 별자리입니다.",4,/img/constellation/38.png,Mic
인디언자리,Indus,"남반구 하늘에 위치한 어두운 별자리로, 양손에 창이나 화살을 들고 있는 원주민을 묘사합니다.","16세기 네덜란드 탐험가들이 신대륙과 아시아를 탐험하며 만난 아메리카 또는 동인도의 원주민(인디언)을 형상화했습니다.",4,/img/constellation/39.png,Ind
제단자리,Ara,"전갈자리 꼬리 아래에 위치하며, 은하수의 중심부를 향하고 있어 다양한 성단과 성운이 있는 별자리입니다.","제우스와 올림포스 신들이 티탄족과의 거대한 전쟁을 앞두고 승리를 맹세하며 제물을 바쳤던 성스러운 제단입니다. 전쟁에서 승리한 뒤 이를 기념해 하늘에 올렸다고 전해집니다.",4,/img/constellation/40.png,Ara
남쪽왕관자리,Corona Australis,"궁수자리 발치에 위치하며, 작지만 말굽이나 왕관 모양으로 둥글게 배열된 별들이 눈에 띕니다.","북쪽왕관자리에 대응하는 남쪽의 왕관으로, 디오니소스가 저승에서 어머니 세멜레를 구할 때 쓴 화관이나 켄타우로스가 떨어뜨린 화환 등으로 설명되며 북쪽왕관자리에 비해 전승이 불분명합니다.",4,/img/constellation/41.png,CrA
천칭자리,Libra,"황도 12궁 중 유일하게 생물이나 신화 속 인물이 아닌 물건(저울)을 본뜬 별자리입니다.","정의의 여신 아스트라이아(처녀자리)가 인간의 선악을 판단할 때 사용하던 저울로, 공정함과 균형, 심판을 상징합니다.",3,/img/constellation/42.png,Lib
궁수자리,Sagittarius,"황도 12궁 중 하나로 은하수 중심부의 가장 밝고 짙은 곳에 위치하며, 찻주전자 모양으로 유명합니다.","상반신은 사람, 하반신은 말인 켄타우로스 족 중 영웅들의 스승이었던 현명한 '케이론'이 활을 당기는 모습입니다. 다른 전승에서는 활쏘기와 음악에 뛰어나고 뮤즈들을 찬양하는 법을 만든 크로토스로 해석되기도 합니다.",1,/img/constellation/43.png,Sgr
양자리,Aries,"황도 12궁의 첫 번째 별자리로, 가을철 밤하늘에 꺾인 선 모양으로 세 개의 비교적 밝은 별이 보입니다.","보이오티아의 왕자 프릭소스와 헬레 남매를 계모의 음모에서 구하기 위해 전령의 신 헤르메스가 보낸 황금빛 털을 가진 숫양입니다. 남겨진 황금 양털은 훗날 이아손과 아르고호 원정대의 목표가 되었습니다.",3,/img/constellation/44.png,Ari
북쪽왕관자리,Corona Borealis,"목동자리 옆에 위치하며, 반원형으로 둥글게 늘어선 별들이 보석이 박힌 아름다운 왕관처럼 보입니다.","미노타우로스 미궁에서 테세우스를 도왔으나 버림받은 공주 아리아드네가 디오니소스와 결혼하며 받은 보석 왕관입니다. 그녀가 죽자 디오니소스가 하늘에 올려 별자리가 되었습니다.",2,/img/constellation/45.png,CrB
조각가자리,Sculptor,"남반구 하늘의 희미한 별자리로 은하의 남극이 이 곳에 위치해 여러 외부 은하를 관측할 수 있습니다.","18세기 라카유가 조각가의 작업실을 묘사하여 '조각가의 도구(Apparatus Sculptoris)'라는 이름으로 처음 만들었습니다.",4,/img/constellation/46.png,Scl
봉황자리,Phoenix,"조각가자리와 에리다누스자리 사이에 있는 남반구 별자리로, 비교적 눈에 띄는 불사조 모양을 합니다.","16세기 말 만들어진 별자리로, 스스로 불타오른 뒤 재 속에서 다시 부활하는 전설 속의 영조 불사조(피닉스)를 상징합니다.",4,/img/constellation/47.png,Phe
시계자리,Horologium,"에리다누스자리 끝자락에 위치한 길고 어두운 별자리로 눈에 띄는 대상이 거의 없습니다.","천문학자 라카유가 진자시계를 발명하여 정밀한 관측을 가능하게 한 크리스티안 하위헌스를 기리기 위해 고안했습니다.",4,/img/constellation/48.png,Hor
조각칼자리,Caelum,"밤하늘에서 가장 작고 어두운 별자리 중 하나로, 콜롬바(비둘기자리) 아래에 숨어 있습니다.","라카유가 고안한 도구 별자리 중 하나로, 조각가들이 금속이나 돌에 글을 새길 때 사용하는 조각칼을 형상화했습니다.",4,/img/constellation/49.png,Cae
큰부리새자리,Tucana,"소마젤란은하(SMC)와 구상성단 47 Tucanae를 품고 있는 천문학적으로 매우 훌륭한 남반구 별자리입니다.","16세기 네덜란드 탐험가들이 남아메리카 열대 우림에서 발견한 거대하고 화려한 부리를 가진 새인 투칸(Tucan)을 묘사했습니다.",관측불가,/img/constellation/50.png,Tuc
카멜레온자리,Chamaeleon,"하늘의 남극에 가까이 위치한 아주 작은 별자리로, 주변 별자리를 잡아먹으려는 듯 혀를 내민 모습입니다.","네덜란드 항해사들이 마다가스카르와 아프리카 해안에서 본, 몸통 색깔을 바꾸는 신기한 파충류 카멜레온을 별자리에 담았습니다.",관측불가,/img/constellation/51.png,Cha
남십자자리,Crux,"밤하늘의 88개 별자리 중 가장 작지만, 1등성 2개를 포함한 완벽한 십자가 모양으로 길잡이 역할을 합니다.","특별한 신화는 없으나 대항해시대 남반구 항해사들에게 남극을 가리키는 나침반이자 종교적인 십자가로 숭배되었습니다.",관측불가,/img/constellation/52.png,Cru
외뿔소자리,Monoceros,"오리온자리와 작은개자리 사이에 숨어 있는 희미한 별자리지만, 장미 성운 등 아름다운 천체가 많습니다.","17세기 네덜란드 천문학자 플란키우스가 추가한 별자리로, 이마에 뿔이 하나 달린 전설 속의 신비로운 동물 유니콘을 뜻합니다.",3,/img/constellation/53.png,Mon
황소자리,Taurus,"황도 12궁 중 하나로 붉은 눈 알데바란과 플레이아데스, 히아데스 산개성단을 품고 있는 겨울철 대표 별자리입니다.","제우스가 페니키아의 아름다운 공주 에우로파에게 접근하기 위해 변신했던 눈부시게 하얀 황소입니다. 에우로파를 등에 태운 채 바다를 건너 크레타 섬으로 데려갔습니다.",1,/img/constellation/54.png,Tau
컵자리,Crater,"봄철 바다뱀자리 등에 얹혀 있는 듯한 반원형의 별자리로, 작지만 컵 모양을 꽤 잘 묘사하고 있습니다.","까마귀가 아폴론의 심부름에 가져가야 했던 황금 술잔입니다. 까마귀가 거짓말한 벌을 받아 물뱀, 까마귀와 함께 영원히 물을 마실 수 없도록 하늘에 던져졌습니다.",3,/img/constellation/55.png,Crt
까마귀자리,Corvus,"바다뱀자리의 등에 앉아 있는 뚜렷한 사각형 모양의 별자리로, 봄철 하늘에서 방향을 찾는 길잡이가 됩니다.","물을 떠 오라는 태양신 아폴론의 명령을 어기고 게으름을 피우다 물뱀 탓으로 거짓말을 한 까마귀입니다. 분노한 아폴론이 벌을 내려 컵, 물뱀과 함께 하늘에 던져져 영원히 갈증에 시달리게 되었습니다.",2,/img/constellation/56.png,Crv
컴퍼스자리,Circinus,"센타우루스자리 알파성 바로 옆에 위치한 가늘고 긴 모양의 매우 작은 남반구 별자리입니다.","18세기 천문학자 라카유가 항해와 기하학에 쓰이는 제도용 컴퍼스를 본떠 직각자자리 등과 함께 밤하늘에 새겼습니다.",관측불가,/img/constellation/57.png,Cir
삼각형자리,Triangulum,"안드로메다자리 아래에 위치한 세 개의 별로 이루어진 길쭉한 삼각형 모양의 작고 뚜렷한 별자리입니다.","세 번의 토양 때문에 나일강 삼각주나 이탈리아의 시칠리아 섬을 나타낸다고 여겨졌습니다. 전령의 신 헤르메스가 문서와 기하학을 기념해 하늘에 놓았다는 전승도 있습니다.",3,/img/constellation/58.png,Tri
카시오페이아자리,Cassiopeia,"북반구 하늘에서 뚜렷한 'W' 또는 'M'자 모양을 그리며, 북극성을 찾는 가장 널리 알려진 길잡이 별자리입니다.","자신과 딸 안드로메다가 바다의 님프들보다 아름답다고 오만하게 허영을 부리다 포세이돈의 분노를 산 에티오피아의 왕비입니다. 그 벌로 하늘에서도 거꾸로 매달린 채 회전하게 되었다고 전해집니다.",1,/img/constellation/59.png,Cas
백조자리,Cygnus,"여름철 은하수를 따라 십자가 모양으로 날개를 펴고 나는 웅장한 새의 모습으로, '북십자성'으로도 불립니다.","제우스가 스파르타의 왕비 레다에게 접근하기 위해 변신했던 아름답고 거대한 백조와 연결됩니다. 다른 전승에서는 죽은 친구 파에톤을 애도하다가 백조가 된 키크노스라고도 합니다.",1,/img/constellation/60.png,Cyg
기린자리,Camelopardalis,"카시오페이아자리와 큰곰자리 사이의 넓고 어두운 영역을 차지하는 북반구의 희미한 별자리입니다.","17세기 플란키우스가 구약성서에서 리브가를 이삭에게 데려다준 낙타를 상징하여 고안했으며, 후에 기린으로 정착되었습니다.",4,/img/constellation/61.png,Cam
머리털자리,Coma Berenices,"사자자리 꼬리 뒤편에 무수히 많은 어두운 별들이 은가루를 뿌려놓은 듯 모여 있는 산개성단형 별자리입니다.","이집트 왕비 베레니케 2세가 남편 프톨레마이오스 3세의 무사 귀환을 기원하며 아프로디테 신전에 바친 아름다운 머리카락입니다. 머리카락이 사라지자 신들이 이를 하늘에 올렸다고 설명되었습니다.",3,/img/constellation/62.png,Com
남쪽물고기자리,Piscis Austrinus,"가을철 어두운 남쪽 하늘에서 유일하게 홀로 빛나는 1등성 포말하우트를 품고 있는 별자리입니다.","물고기자리의 두 물고기와 관련된 거대한 어미 물고기로, 물병자리가 쏟아붓는 물을 받아 마시고 있습니다. 시리아의 다산 여신 데르케토(아타르가티스)의 화신이거나 그녀를 구해 준 물고기라는 전승이 있습니다.",3,/img/constellation/63.png,PsA
헤르쿨레스자리,Hercules,"왕관자리와 거문고자리 사이에 위치한 거꾸로 무릎을 꿇고 있는 형상의 넓지만 비교적 희미한 별자리입니다.","사자 가죽을 걸치고 몽둥이를 든 채 제우스의 아들로서 짊어진 불가능한 12과업(네메아의 사자 퇴치 등)을 모두 달성해낸 위대한 영웅 헤라클레스입니다. 죽은 뒤 신의 자격을 얻어 하늘의 별자리가 되었습니다.",2,/img/constellation/64.png,Her
직각자자리,Norma,"전갈자리와 이리자리 사이에 위치한 매우 작고 어두운 별자리로 뚜렷한 모양을 잡기 어렵습니다.","18세기 프랑스 천문학자 라카유가 목수나 건축가들이 수직을 측정할 때 사용하는 T자형 직각자를 기념하여 만들었습니다.",4,/img/constellation/65.png,Nor
조랑말자리,Equuleus,"돌고래자리 옆에 위치하며, 밤하늘 88개 별자리 중 남십자자리에 이어 두 번째로 작은 별자리입니다.","포세이돈이 아테나와 경쟁하며 만든 최초의 말과 관련된 별자리로 여겨집니다. 전승에 따라 페가수스의 동생인 명마 켈레리스나 헤르메스가 카스토르에게 선물한 망아지로 해석됩니다.",3,/img/constellation/66.png,Equ
돌고래자리,Delphinus,"독수리자리 옆에 네 개의 별이 작은 마름모꼴을 이루며 귀엽게 뛰어오르는 돌고래 모양을 하고 있습니다.","포세이돈의 구애를 피해 숨었던 바다의 여신 암피트리테를 찾아내어 설득한 돌고래입니다. 포세이돈은 그 공로를 기려 돌고래를 하늘의 별자리로 만들어 주었습니다.",3,/img/constellation/67.png,Del
화살자리,Sagitta,"여름철 대삼각형 안쪽에 위치하며, 이름 그대로 날아가는 화살 모양을 한 작고 뚜렷한 별자리입니다.","헤라클레스가 코카서스 산에 묶여 매일 독수리에게 간을 쪼이던 프로메테우스를 구하기 위해 그 독수리를 쏘아 맞힌 화살입니다. 다른 전승에서는 사랑의 신 에로스의 화살로도 해석됩니다.",3,/img/constellation/68.png,Sge
여우자리,Vulpecula,"백조자리와 화살자리 사이의 은하수 영역에 위치하며, 아령 성운(M27)을 포함하고 있는 희미한 별자리입니다.","17세기 요하네스 헤벨리우스가 처음에는 '거위를 입에 문 작은 여우'로 명명했다가 현재는 여우자리로 줄어들었습니다.",4,/img/constellation/69.png,Vul
뱀자리(머리),Serpens Caput,"뱀주인자리 서쪽에 위치하며, 뱀주인인 오피우쿠스가 손에 쥐고 있는 거대한 뱀의 머리 부분입니다.","의술의 신 아스클레피오스가 뱀에게서 생명을 되살리는 약초의 비밀을 배웠다는 이야기와 연결됩니다. 허물을 벗고 새 생명을 얻는 뱀은 치유와 부활의 상징이며, 지팡이를 감은 뱀은 지금도 의술의 상징으로 사용됩니다.",3,/img/constellation/70.png,SerH
살쾡이자리,Lynx,"큰곰자리와 마차부자리 사이에 위치한 길고 어두운 별자리로 눈에 띄는 별이 거의 없습니다.","헤벨리우스가 이 영역의 듬성듬성하고 어두운 별들을 보려면 살쾡이처럼 예리한 눈을 가져야만 한다며 고안한 별자리입니다.",4,/img/constellation/71.png,Lyn
공기펌프자리,Antlia,"바다뱀자리와 돛자리 사이에 위치한 남반구 하늘의 매우 희미하고 특징이 적은 별자리입니다.","18세기 라카유가 영국의 과학자 로버트 보일이 발명한 진공 공기펌프의 기계적 구조를 기리기 위해 하늘에 추가했습니다.",4,/img/constellation/72.png,Ant
나침반자리,Pyxis,"돛자리 위에 위치한 작은 별자리로, 예전 아르고자리(Argo Navis)의 돛대 위치에 새롭게 추가되었습니다.","라카유가 항해를 위해 고안한 것으로, 아르고자리 곁에서 원양 항해에 필수적인 선박용 자기 나침반을 상징합니다.",4,/img/constellation/73.png,Pyx
마차부자리,Auriga,"겨울철 은하수에 걸쳐 오각형을 이루는 별자리로, 가장 밝은 별 카펠라(어미 염소)가 유명합니다.","다리가 불편했지만 최초로 네 마리 말이 끄는 4륜 마차(전차)를 발명한 아테네의 왕 에리크토니오스로 해석됩니다. 제우스가 그의 지혜와 발명을 기려 하늘에 별자리로 올렸다고 합니다.",1,/img/constellation/74.png,Aur
물고기자리,Pisces,"황도 12궁의 마지막 별자리로 끈으로 묶인 두 마리의 물고기가 V자 형태로 헤엄치는 모습을 띱니다.","미의 여신 아프로디테와 아들 에로스가 무시무시한 괴물 티폰에게 쫓겨 강에 뛰어들 때 물고기로 변신해 달아난 모습입니다. 서로를 놓치지 않기 위해 몸을 끈으로 묶었다고 전해집니다.",3,/img/constellation/75.png,Psc
용자리,Draco,"북반구 하늘에서 큰곰자리와 작은곰자리를 감싸듯 구불구불 길게 이어져 있는 거대한 파충류 모양의 별자리입니다.","헤라 여신의 황금 사과를 지키던 백 개의 머리를 가진 무시무시한 백두룡 라돈으로 해석됩니다. 헤라클레스는 11번째 과업에서 라돈을 물리치고 황금 사과를 가져왔으며, 라돈은 퇴치당한 후 하늘에 올랐습니다.",2,/img/constellation/76.png,Dra
방패자리,Scutum,"독수리자리 남쪽 은하수가 가장 짙은 부위에 위치한 작고 빽빽한 별자리로 방패 성단(M11)이 유명합니다.","17세기 폴란드 천문학자 헤벨리우스가 빈을 투르크 제국으로부터 방어해 낸 폴란드 왕 얀 3세 소비에스키를 기려 '소비에스키의 방패'로 명명했습니다.",3,/img/constellation/77.png,Sct
안드로메다자리,Andromeda,"가을철 하늘에 길게 뻗은 별자리로, 우리 은하와 가장 가까운 거대 나선 은하인 안드로메다 은하(M31)를 품고 있습니다.","왕비 카시오페이아의 허영심과 자랑 때문에 바다 괴물의 제물로 바쳐진 비운의 공주입니다. 바위에 묶여 있던 중 메두사를 처치하고 돌아가던 영웅 페르세우스에게 구출되어 그의 아내가 되었습니다.",2,/img/constellation/78.png,And
페가수스자리,Pegasus,"가을철 밤하늘의 중심에 '가을의 대사각형'을 이루는 거대하고 뚜렷한 사각형 모양의 널리 알려진 별자리입니다.","영웅 페르세우스가 메두사의 목을 베었을 때 그 피(혹은 흘러나온 피에서)에서 태어난 날개 달린 천마입니다. 훗날 영웅 벨레로폰을 태우고 괴물 키마이라를 물리치는 데 큰 도움을 주었습니다.",1,/img/constellation/79.png,Peg
용골자리,Carina,"남반구에서 두 번째로 밝은 카노푸스를 비롯해 무수히 많은 은하수 성단을 품고 있는 웅장한 별자리입니다.","그리스 신화의 영웅 이아손과 아르고나우타이들이 황금 양털을 찾아 떠났던 거대한 배 아르고호의 밑바닥 뼈대(용골)입니다. 원래 거대한 아르고자리였으나 돛, 고물자리로 나뉘었습니다.",관측불가,/img/constellation/80.png,Car
사냥개자리,Canes Venatici,"목동자리 옆에 위치한 작고 어두운 별자리지만, 소용돌이 은하(M51) 등 유명한 은하들이 많이 관측됩니다.","17세기 헤벨리우스가 분리해 낸 별자리로, 목동(아르카스)이 큰곰(어머니 칼리스토)을 쫓을 때 데리고 다니는 두 마리의 사냥개입니다.",3,/img/constellation/81.png,CVn
뱀자리(꼬리),Serpens Cauda,"뱀주인자리를 사이에 두고 뱀자리(머리)와 분리된 동쪽 영역으로, 독수리 성운(M16) 등을 포함합니다.","의술의 신 아스클레피오스가 뱀에게서 생명을 되살리는 약초의 비밀을 배웠다는 이야기와 연결됩니다. 허물을 벗고 새 생명을 얻는 뱀은 치유와 부활의 상징이며, 지팡이를 감은 뱀은 지금도 의술의 상징으로 사용됩니다.",3,/img/constellation/82.png,SerT
극락조자리,Apus,"하늘의 남극 주변에 위치한 별자리로 눈에 띄는 뚜렷한 별은 찾아보기 어려운 작고 어두운 영역입니다.","16세기 네덜란드 항해사들이 뉴기니 섬 부근에서 발견한 깃털이 화려하고 다리가 없는 것처럼 보였던 아름다운 새 '극락조'를 본떴습니다.",관측불가,/img/constellation/83.png,Aps
망원경자리,Telescopium,"제단자리와 인디언자리 사이에 위치한 남반구의 희미한 별자리로 은하수가 옅어지는 곳에 있습니다.","18세기 천문학자 라카유가 남반구 별자리를 정리하며 천문학 발전에 기여한 굴절 망원경을 기리기 위해 만들었습니다.",4,/img/constellation/84.png,Tel
남쪽삼각형자리,Triangulum Australe,"남반구 하늘에서 3개의 별이 명확하게 정삼각형에 가까운 형태를 이루며 길잡이 역할을 하는 별자리입니다.","16세기 말 네덜란드 탐험가들이 처음 고안한 별자리로, 북반구의 삼각형자리처럼 측정 기구나 항해의 표식으로 사용되었습니다.",관측불가,/img/constellation/85.png,TrA
센타우루스자리,Centaurus,"남반구 은하수에서 웅장하게 빛나며 태양계에서 가장 가까운 항성계인 알파 센타우리와 오메가 센타우리 구상성단이 있습니다.","지혜와 의술에 뛰어났던 켄타우로스 현자 케이론으로 해석됩니다. 야생의 짐승(이리자리)을 창으로 찌르는 모습이기도 하며, 헤라클레스의 독화살에 잘못 맞아 고통받다 불멸을 포기하고 별자리가 되었습니다.",4,/img/constellation/86.png,Cen
바다뱀자리,Hydra,"전체 밤하늘 88개 별자리 중 면적이 가장 넓고 가로로 가장 길게 뻗어 있는 뱀 모양의 거대한 별자리입니다.","헤라클레스의 두 번째 과업에 등장하는 머리가 여러 개인 괴물 독사 히드라입니다. 머리를 자르면 두 개가 다시 자라나지만, 결국 불로 상처를 지져 퇴치당하고 하늘에 올랐습니다.",3,/img/constellation/87.png,Hya
뱀주인자리,Ophiuchus,"여름철 하늘에서 거대한 종 모양을 하고 거대한 뱀을 양손에 쥐고 있는 넓고 장엄한 별자리입니다.","죽은 사람도 살릴 수 있었던 뛰어난 의술의 신 아스클레피오스입니다. 제우스의 번개에 맞아 죽었지만 그의 뛰어난 의술 업적을 인정받아 뱀을 쥔 모습으로 밤하늘의 별자리가 되었습니다.",2,/img/constellation/88.png,Oph
에리다누스자리,Eridanus,"오리온자리에서 시작해 하늘의 남극 근처까지 굽이치며 길게 흐르는 강 모양의 웅장한 별자리입니다.","태양신 헬리오스의 아들 파에톤이 통제력을 잃고 추락한 저승의 강(또는 포 강)입니다. 제우스는 파에톤이 몬 태양 마차로 인해 세상이 불타는 것을 막기 위해 벼락으로 그를 떨어뜨렸습니다.",3,/img/constellation/89.png,Eri